"1",,,,,,,,,,NULL,NULL
"2","test","test","test","test","test","test","111","111","111",NULL,NULL
"3",,,,,,,,,,NULL,NULL
"4","test","test","test","test","test","test","111","111","111","2018-11-19 09:44:34","2018-11-19 09:44:34"
"5","test","test","テスト","テスト","test@test.com","住所","123","123","123","2018-11-19 10:17:07","2018-11-19 10:17:07"
"6",,,,,,,,,"test",NULL,NULL
"7","test6","test6","テスト","テスト","test@test.com","test","222","222","222","2018-11-19 10:19:26","2018-11-19 10:19:26"
"8","test7","test7","テスト","テスト","test@test.com","test","111","111","111","2018-11-19 10:21:13","2018-11-19 10:21:13"
"9","test","test","テスト","テスト","test@test.com","test","222","222","222","2018-11-19 10:22:41","2018-11-19 10:22:41"
"10","test","test","テスト","テスト","test@test.com","test","123","123","123","2018-11-19 10:28:35","2018-11-19 10:28:35"
"11",,,,,,,,,,NULL,NULL
"12",,,"テスト","テスト","test9@test.com","test","111","111","111","2018-11-19 10:36:08","2018-11-19 10:36:08"
"13","テスト","テスト","テスト","テスト","test@test.com","aaaa","1111","11","111","2018-11-21 07:56:39","2018-11-21 07:56:39"
"14","test","test","テスト","テスト","test@test.com","test","111","111","111","2018-11-21 08:03:38","2018-11-21 08:03:38"
"15","テスト","テスト","テスト","テスト","test2@test.com","test","111","111","11","2018-11-21 08:05:48","2018-11-21 08:05:48"
"16",,,"テスト","テスト","test3@test.com","test","11","11","11","2018-11-21 08:08:08","2018-11-21 08:08:08"
"17","test","test","テスト","テスト","test5@test.com","test","11","22","33","2018-11-21 08:16:07","2018-11-21 08:16:07"
"18","te","te","テスト","テスト","tes@te.com","te","11","11","11","2018-11-24 16:39:37","2018-11-24 16:39:37"
"19","te","te1","テスト","テスト","te@te.cmt","ttt","11","11","11","2018-12-04 04:08:48","2018-12-04 04:08:48"
"20","tet","tst","テスト","テスト","test@test.com","test","090","999","999","2018-12-05 08:41:29","2018-12-05 08:41:29"
"21","te","te","テスト","テスト","te@te.com","tt","22","22","22","2018-12-15 07:56:24","2018-12-15 07:56:24"
"22","te","te","テスト","テスト","te@te.com","tt","22","22","22","2018-12-15 07:57:39","2018-12-15 07:57:39"
"23","テスト","テスト","テスト","テスト","laughwhenyouwanttocry@gmail.com","東京都荒川区東日暮里4−36−２３
ジェノヴィア東日暮里グリーンヴェール401","0299","23","1045","2018-12-31 06:27:07","2018-12-31 06:27:07"
